question,n_common_ids,n_items_used,alpha_ordinal,ci_low,ci_high
Q1,174,174,0.5559416483954182,0.4859281107898499,0.6189004763744046
Q2,174,174,0.5241924930633031,0.47086290452532154,0.580150171502799
Q3,174,174,0.8911164572752384,0.8526844219924462,0.9262277142177279
Q5,174,174,0.946360153256705,0.9157088122605364,0.9731800766283525
Q6,174,174,0.9635282269301125,0.939387219573493,0.9846743295019157
Q7,174,174,0.8998086470973569,0.8609981969105731,0.9348659003831418
Q8,174,174,0.915057915057915,0.8807692307692307,0.9461538461538461
